id,category,failure_scenario,classification,status,severity,occurrence,detection,rpn,priority,evidence,recommended_action
PL-FMEA-001,unhandled_error_paths,Malformed intake JSON leaves the user without a current clarification,risk_scenario,passing,7,5,5,175,P1,"[{""path"":""api/tests/test_marketing.py"",""line"":3417,""symbol"":""test_intake_survives_a_turn_it_cannot_parse"",""kind"":""guarded test""}]","Retain this automated contract; a pass proves the exercised fixture boundary, not live provider behavior."
PL-FMEA-002,unhandled_error_paths,Missing workspace dependencies reach a paid agent as empty objects,risk_scenario,passing,7,5,5,175,P1,"[{""path"":""api/tests/test_marketing.py"",""line"":3271,""symbol"":""test_a_stage_refuses_to_run_without_the_state_it_depends_on"",""kind"":""guarded test""}]","Retain this automated contract; a pass proves the exercised fixture boundary, not live provider behavior."
PL-FMEA-003,unhandled_error_paths,Caught stage exception is recorded as a successful background job,risk_scenario,passing,7,5,5,175,P1,"[{""path"":""api/tests/test_campaign_recovery.py"",""line"":6,""symbol"":""test_caught_stage_failure_is_persisted_failed_and_next_job_can_finish"",""kind"":""guarded test""}]","Retain this automated contract; a pass proves the exercised fixture boundary, not live provider behavior."
PL-FMEA-004,unhandled_error_paths,Provider refusal is rendered as a successful structured answer,risk_scenario,passing,7,5,5,175,P1,"[{""path"":""api/tests/test_session_prompt_proxy.py"",""line"":81,""symbol"":""test_session_invalid_provider_proxy_never_yields_a_success"",""kind"":""guarded test""}]","Retain this automated contract; a pass proves the exercised fixture boundary, not live provider behavior."
PL-FMEA-005,unhandled_error_paths,Generic failure hides actionable reason and loses safe diagnostic correlation,demonstrated_issue,fixed,7,5,5,175,P1,"[{""path"":""api/tests/test_fmea_flow.py"",""line"":238,""symbol"":""test_safe_failure_diagnostics_are_correlated_and_do_not_persist_provider_body"",""kind"":""guarded test""}]",Validate in the final guarded suite and keep the regression; deployment is pending.
PL-FMEA-006,unhandled_error_paths,Board envelope fails after successful planning and charges another identical planner call,risk_scenario,passing,7,5,5,175,P1,"[{""path"":""api/tests/test_marketing.py"",""line"":4806,""symbol"":""test_board_emission_failure_retries_only_matching_persisted_output"",""kind"":""guarded test""}]","Retain this automated contract; a pass proves the exercised fixture boundary, not live provider behavior."
PL-FMEA-007,unhandled_error_paths,A canon sheet fails after its anchor and Retry pays for the anchor again,demonstrated_issue,fixed,7,5,5,175,P1,"[{""path"":""api/tests/test_fmea_flow.py"",""line"":29,""symbol"":""test_partial_canon_retry_reuses_completed_anchor_after_restart"",""kind"":""guarded test""}]",Validate in the final guarded suite and keep the regression; deployment is pending.
PL-FMEA-008,unhandled_error_paths,Sharper rendering fails after deleting the only reusable library row,demonstrated_issue,fixed,7,5,5,175,P1,"[{""path"":""api/tests/test_fmea_flow.py"",""line"":144,""symbol"":""test_sharper_failure_keeps_old_library_and_board_bindings"",""kind"":""guarded test""}]",Validate in the final guarded suite and keep the regression; deployment is pending.
PL-FMEA-009,unhandled_error_paths,Unknown creative-stage question starts a paid reroll instead of clarifying,risk_scenario,passing,7,5,5,175,P1,"[{""path"":""api/tests/test_marketing.py"",""line"":4550,""symbol"":""test_visual_feedback_does_not_match_status_or_question_substrings"",""kind"":""guarded test""}]","Retain this automated contract; a pass proves the exercised fixture boundary, not live provider behavior."
PL-FMEA-010,external_dependency_failures,Accepted media job loses its poll response and gets submitted twice,risk_scenario,passing,8,4,4,128,P1,"[{""path"":""api/tests/test_hosted_media_dispatch.py"",""line"":12,""symbol"":""test_accepted_poll_failure_never_resubmits"",""kind"":""guarded test""}]","Retain this automated contract; a pass proves the exercised fixture boundary, not live provider behavior."
PL-FMEA-011,external_dependency_failures,Policy refusal falls through to another paid provider,risk_scenario,passing,8,4,4,128,P1,"[{""path"":""api/tests/test_hosted_media_dispatch.py"",""line"":22,""symbol"":""test_terminal_policy_no_fallback"",""kind"":""guarded test""}]","Retain this automated contract; a pass proves the exercised fixture boundary, not live provider behavior."
PL-FMEA-012,external_dependency_failures,Provider HTTP 500 is automatically replayed despite uncertain acceptance,risk_scenario,passing,8,4,4,128,P1,"[{""path"":""api/tests/test_hosted_provider_adapters.py"",""line"":43,""symbol"":""test_http500_and_transport_do_not_retry_or_release"",""kind"":""guarded test""}]","Retain this automated contract; a pass proves the exercised fixture boundary, not live provider behavior."
PL-FMEA-013,external_dependency_failures,Malformed provider job identifier forms an authenticated attacker-selected poll path,risk_scenario,passing,8,4,4,128,P1,"[{""path"":""api/tests/test_hosted_media_dispatch.py"",""line"":91,""symbol"":""test_malformed_job_id_never_forms_authenticated_poll"",""kind"":""guarded test""}]","Retain this automated contract; a pass proves the exercised fixture boundary, not live provider behavior."
PL-FMEA-014,external_dependency_failures,Provider-returned URL redirects a credential-bearing request,risk_scenario,passing,8,4,4,128,P1,"[{""path"":""api/tests/test_hosted_media_dispatch.py"",""line"":74,""symbol"":""test_fal_credentials_ignore_returned_urls"",""kind"":""guarded test""}]","Retain this automated contract; a pass proves the exercised fixture boundary, not live provider behavior."
PL-FMEA-015,external_dependency_failures,PixelBin reference JSON loses singleton or multiple image URL arrays,risk_scenario,passing,8,4,4,128,P1,"[{""path"":""api/tests/test_hosted_media_dispatch.py"",""line"":43,""symbol"":""test_pixelbin_url_reference_json_matches_published_python_sdk"",""kind"":""guarded test""}]","Retain this automated contract; a pass proves the exercised fixture boundary, not live provider behavior."
PL-FMEA-016,external_dependency_failures,Reference validation rejection triggers hidden alternate-encoding submission,risk_scenario,passing,8,4,4,128,P1,"[{""path"":""api/tests/test_hosted_media_dispatch.py"",""line"":63,""symbol"":""test_reference_rejection_never_retries_with_another_encoding"",""kind"":""guarded test""}]","Retain this automated contract; a pass proves the exercised fixture boundary, not live provider behavior."
PL-FMEA-017,external_dependency_failures,S3 cold hydration returns bytes from a different version or hash,risk_scenario,passing,8,4,4,128,P1,"[{""path"":""api/tests/test_hosted_media_storage.py"",""line"":17,""symbol"":""test_version_hash_and_cold_hydrate"",""kind"":""guarded test""}]","Retain this automated contract; a pass proves the exercised fixture boundary, not live provider behavior."
PL-FMEA-018,external_dependency_failures,A paid render download fails and the successful provider receipt disappears,risk_scenario,passing,8,4,4,128,P1,"[{""path"":""api/tests/test_marketing.py"",""line"":3326,""symbol"":""test_a_paid_render_whose_download_fails_is_still_recorded"",""kind"":""guarded test""}]","Retain this automated contract; a pass proves the exercised fixture boundary, not live provider behavior."
PL-FMEA-019,race_conditions_and_state,Two owners share connection identity under concurrent requests,risk_scenario,passing,8,4,6,192,P1,"[{""path"":""api/tests/test_portfolio.py"",""line"":75,""symbol"":""test_concurrent_scopes_never_reuse_connection_identity"",""kind"":""guarded test""}]","Retain this automated contract; a pass proves the exercised fixture boundary, not live provider behavior."
PL-FMEA-020,race_conditions_and_state,Session is revoked between reserve and dispatch but request still leaves,risk_scenario,passing,8,4,6,192,P1,"[{""path"":""api/tests/test_portfolio.py"",""line"":88,""symbol"":""test_usage_revocation_before_dispatch_releases_capacity"",""kind"":""guarded test""}]","Retain this automated contract; a pass proves the exercised fixture boundary, not live provider behavior."
PL-FMEA-021,race_conditions_and_state,Background worker loses captured actor or leaves active-job capacity occupied,risk_scenario,passing,8,4,6,192,P1,"[{""path"":""api/tests/test_portfolio.py"",""line"":282,""symbol"":""test_background_jobs_preserve_actors_and_release_setup_failure"",""kind"":""guarded test""}]","Retain this automated contract; a pass proves the exercised fixture boundary, not live provider behavior."
PL-FMEA-022,race_conditions_and_state,Restart after brief restores its projection but loses actual board,risk_scenario,passing,8,4,6,192,P1,"[{""path"":""api/tests/test_marketing.py"",""line"":3304,""symbol"":""test_the_board_survives_a_restart_not_just_its_projection"",""kind"":""guarded test""}]","Retain this automated contract; a pass proves the exercised fixture boundary, not live provider behavior."
PL-FMEA-023,race_conditions_and_state,Earlier option approvals reactivate after business identity revision,risk_scenario,passing,8,4,6,192,P1,"[{""path"":""api/tests/test_marketing.py"",""line"":4499,""symbol"":""test_brand_revision_preserves_paid_history_and_invalidates_old_approvals"",""kind"":""guarded test""}]","Retain this automated contract; a pass proves the exercised fixture boundary, not live provider behavior."
PL-FMEA-024,race_conditions_and_state,New rumination inherits paid checkpoints belonging to older inputs,risk_scenario,passing,8,4,6,192,P1,"[{""path"":""api/tests/test_marketing.py"",""line"":2582,""symbol"":""test_a_new_rumination_clears_stale_checkpoints"",""kind"":""guarded test""}]","Retain this automated contract; a pass proves the exercised fixture boundary, not live provider behavior."
PL-FMEA-025,race_conditions_and_state,Cleared QC survives a replacement image by slot name alone,risk_scenario,passing,8,4,6,192,P1,"[{""path"":""api/tests/test_marketing.py"",""line"":4840,""symbol"":""test_rehydrated_qc_does_not_accept_replaced_asset"",""kind"":""guarded test""}]","Retain this automated contract; a pass proves the exercised fixture boundary, not live provider behavior."
PL-FMEA-026,race_conditions_and_state,Canon question re-emits old stage actions after workflow advances,risk_scenario,passing,8,4,6,192,P1,"[{""path"":""api/tests/test_canon_review_contract.py"",""line"":92,""symbol"":""test_clarification_cannot_reactivate_a_previous_canon_gate"",""kind"":""guarded test""}]","Retain this automated contract; a pass proves the exercised fixture boundary, not live provider behavior."
PL-FMEA-027,race_conditions_and_state,Partial keyframe success is lost across process restart,demonstrated_issue,fixed,8,4,6,192,P1,"[{""path"":""api/tests/test_fmea_flow.py"",""line"":128,""symbol"":""test_keyframe_partial_retry_only_renders_missing_shot_and_invalidates_changed_input"",""kind"":""guarded test""}]",Validate in the final guarded suite and keep the regression; deployment is pending.
PL-FMEA-028,resource_exhaustion,Three two-render canon kinds consume default allowance before two keyframes,demonstrated_issue,fixed,8,6,5,240,P0,"[{""path"":""api/tests/test_fmea_flow.py"",""line"":74,""symbol"":""test_multi_reference_board_preflights_all_remaining_work_without_dispatch"",""kind"":""guarded test""}]",Validate in the final guarded suite and keep the regression; deployment is pending.
PL-FMEA-029,resource_exhaustion,Configured owner media allowance differs from the hard-coded usage API value,demonstrated_issue,fixed,8,6,5,240,P0,"[{""path"":""api/tests/test_portfolio.py"",""line"":367,""symbol"":""test_media_headroom_is_lifetime_count_and_readonly"",""kind"":""guarded test""}]",Validate in the final guarded suite and keep the regression; deployment is pending.
PL-FMEA-030,resource_exhaustion,Invalid override grants unlimited media operations,risk_scenario,passing,8,6,5,240,P0,"[{""path"":""api/tests/test_portfolio.py"",""line"":148,""symbol"":""test_invalid_media_limit_rejects_before_reservation"",""kind"":""guarded test""}]","Retain this automated contract; a pass proves the exercised fixture boundary, not live provider behavior."
PL-FMEA-031,resource_exhaustion,Prompt bytes exceed provider input admission bound,risk_scenario,passing,8,6,5,240,P0,"[{""path"":""api/tests/test_hosted_provider_adapters.py"",""line"":66,""symbol"":""test_bound_blocks_before_dispatch"",""kind"":""guarded test""}]","Retain this automated contract; a pass proves the exercised fixture boundary, not live provider behavior."
PL-FMEA-032,resource_exhaustion,A legitimate vision payload is charged or rejected using the text-only byte cap,risk_scenario,passing,8,6,5,240,P0,"[{""path"":""api/tests/test_hosted_provider_adapters.py"",""line"":119,""symbol"":""test_actual_sdk_large_image_separate_from_text_bound"",""kind"":""guarded test""}]","Retain this automated contract; a pass proves the exercised fixture boundary, not live provider behavior."
PL-FMEA-033,resource_exhaustion,Slow trickle response keeps a provider request alive indefinitely,risk_scenario,passing,8,6,5,240,P0,"[{""path"":""api/tests/test_hosted_provider_adapters.py"",""line"":138,""symbol"":""test_slow_trickle_transport_hits_wall_deadline_once_and_keeps_uncertain"",""kind"":""guarded test""}]","Retain this automated contract; a pass proves the exercised fixture boundary, not live provider behavior."
PL-FMEA-034,resource_exhaustion,Oversized owner state overwrites existing durable data before capacity failure,risk_scenario,passing,8,6,5,240,P0,"[{""path"":""api/tests/test_portfolio.py"",""line"":315,""symbol"":""test_quota_rejects_oversized_state_without_replacing_saved_data"",""kind"":""guarded test""}]","Retain this automated contract; a pass proves the exercised fixture boundary, not live provider behavior."
PL-FMEA-035,resource_exhaustion,Seat configuration fans out unbounded reviewers,risk_scenario,passing,8,6,5,240,P0,"[{""path"":""api/tests/test_marketing.py"",""line"":1649,""symbol"":""test_the_seat_cap_holds_and_an_unknown_seat_is_refused"",""kind"":""guarded test""}]","Retain this automated contract; a pass proves the exercised fixture boundary, not live provider behavior."
PL-FMEA-036,resource_exhaustion,Same-input partial results are counted as new required operations and falsely block affordable completion,demonstrated_issue,fixed,8,6,5,240,P0,"[{""path"":""api/tests/test_fmea_flow.py"",""line"":215,""symbol"":""test_capacity_discounts_same_input_anchor_and_keyframe_checkpoints"",""kind"":""guarded test""}]",Validate in the final guarded suite and keep the regression; deployment is pending.
PL-FMEA-037,security_access_control,Foreign owner reads or overwrites a campaign checkpoint,risk_scenario,passing,10,3,7,210,P0,"[{""path"":""api/tests/test_portfolio.py"",""line"":48,""symbol"":""test_pg_forced_owner_rows_foreign_upserts_and_missing_actor"",""kind"":""guarded test""}]","Retain this automated contract; a pass proves the exercised fixture boundary, not live provider behavior."
PL-FMEA-038,security_access_control,Foreign owner changes another reservation after provider completion,risk_scenario,passing,10,3,7,210,P0,"[{""path"":""api/tests/test_portfolio.py"",""line"":104,""symbol"":""test_usage_preserves_settlement_and_foreign_owner_cannot_change_it"",""kind"":""guarded test""}]","Retain this automated contract; a pass proves the exercised fixture boundary, not live provider behavior."
PL-FMEA-039,security_access_control,Private asset path follows symlink outside owner directory,risk_scenario,passing,10,3,7,210,P0,"[{""path"":""api/tests/test_portfolio.py"",""line"":225,""symbol"":""test_private_files_reject_symlinks_and_foreign_owner"",""kind"":""guarded test""}]","Retain this automated contract; a pass proves the exercised fixture boundary, not live provider behavior."
PL-FMEA-040,security_access_control,Foreign owner triggers an S3 fetch before ownership rejection,risk_scenario,passing,10,3,7,210,P0,"[{""path"":""api/tests/test_hosted_media_storage.py"",""line"":24,""symbol"":""test_foreign_owner_denied_before_s3"",""kind"":""guarded test""}]","Retain this automated contract; a pass proves the exercised fixture boundary, not live provider behavior."
PL-FMEA-041,security_access_control,Signed bridge request body or path is replayed or altered,risk_scenario,passing,10,3,7,210,P0,"[{""path"":""api/tests/test_portfolio.py"",""line"":261,""symbol"":""test_signed_bridge_binds_body_path_nonce_and_revocable_session"",""kind"":""guarded test""}]","Retain this automated contract; a pass proves the exercised fixture boundary, not live provider behavior."
PL-FMEA-042,security_access_control,Cached example scope signs a paid-provider private reference URL,risk_scenario,passing,10,3,7,210,P0,"[{""path"":""api/tests/test_hosted_media_storage.py"",""line"":36,""symbol"":""test_cached_signing_denied_and_ttl"",""kind"":""guarded test""}]","Retain this automated contract; a pass proves the exercised fixture boundary, not live provider behavior."
PL-FMEA-043,security_access_control,Changed bytes under the recorded object version pass hash readback,risk_scenario,passing,10,3,7,210,P0,"[{""path"":""api/tests/test_hosted_media_storage.py"",""line"":31,""symbol"":""test_tampered_version_readback_rejected"",""kind"":""guarded test""}]","Retain this automated contract; a pass proves the exercised fixture boundary, not live provider behavior."
PL-FMEA-044,security_access_control,Signed reference omits owner/version/expiry binding,risk_scenario,passing,10,3,7,210,P0,"[{""path"":""api/tests/test_hosted_media_storage.py"",""line"":51,""symbol"":""test_reference_scope_requires_current_owner_version_signature_and_short_ttl"",""kind"":""guarded test""}]","Retain this automated contract; a pass proves the exercised fixture boundary, not live provider behavior."
PL-FMEA-045,security_access_control,Database URL parameters disable Python verified TLS,risk_scenario,passing,10,3,7,210,P0,"[{""path"":""api/tests/test_fmea_flow.py"",""line"":203,""symbol"":""test_python_database_url_cannot_override_verified_tls"",""kind"":""guarded test""}]","Retain this automated contract; a pass proves the exercised fixture boundary, not live provider behavior."
PL-FMEA-046,data_integrity_partial_writes,Successful canon plan is discarded before its first failed media step,demonstrated_issue,fixed,9,5,6,270,P0,"[{""path"":""api/tests/test_fmea_flow.py"",""line"":106,""symbol"":""test_canon_plan_checkpoint_retry_keeps_ids_and_does_not_pay_planner_twice"",""kind"":""guarded test""}]",Validate in the final guarded suite and keep the regression; deployment is pending.
PL-FMEA-047,data_integrity_partial_writes,New product reuses a human canon slug and overwrites the previous product row,risk_scenario,passing,9,5,6,270,P0,"[{""path"":""api/tests/test_marketing.py"",""line"":4587,""symbol"":""test_different_product_canon_preserves_library_and_restart_bindings"",""kind"":""guarded test""}]","Retain this automated contract; a pass proves the exercised fixture boundary, not live provider behavior."
PL-FMEA-048,data_integrity_partial_writes,Environment correction partially succeeds and replaces current binding early,risk_scenario,passing,9,5,6,270,P0,"[{""path"":""api/tests/test_marketing.py"",""line"":4636,""symbol"":""test_targeted_environment_edit_preserves_history_and_restart_binding"",""kind"":""guarded test""}]","Retain this automated contract; a pass proves the exercised fixture boundary, not live provider behavior."
PL-FMEA-049,data_integrity_partial_writes,Intake forgets an uploaded product photo on later user messages,risk_scenario,passing,9,5,6,270,P0,"[{""path"":""api/tests/test_marketing.py"",""line"":1301,""symbol"":""test_an_attached_image_survives_until_there_is_a_product_to_put_it_on"",""kind"":""guarded test""}]","Retain this automated contract; a pass proves the exercised fixture boundary, not live provider behavior."
PL-FMEA-050,data_integrity_partial_writes,Campaign deletion destroys reusable canon or paid asset history,risk_scenario,passing,9,5,6,270,P0,"[{""path"":""api/tests/test_portfolio.py"",""line"":192,""symbol"":""test_canon_names_are_owner_scoped_and_assets_survive_campaign_delete"",""kind"":""guarded test""}]","Retain this automated contract; a pass proves the exercised fixture boundary, not live provider behavior."
PL-FMEA-051,data_integrity_partial_writes,Incomplete planner result is restored as a completed checkpoint,risk_scenario,passing,9,5,6,270,P0,"[{""path"":""api/tests/test_marketing.py"",""line"":2560,""symbol"":""test_only_a_complete_result_is_ever_restored"",""kind"":""guarded test""}]","Retain this automated contract; a pass proves the exercised fixture boundary, not live provider behavior."
PL-FMEA-052,data_integrity_partial_writes,Renamed board after intake reset loses access to same-thread paid references,demonstrated_issue,fixed,9,5,6,270,P0,"[{""path"":""api/tests/test_fmea_flow.py"",""line"":184,""symbol"":""test_historical_paid_canon_recoverable_after_intake_reset_and_renamed_board"",""kind"":""guarded test""}]",Validate in the final guarded suite and keep the regression; deployment is pending.
PL-FMEA-053,data_integrity_partial_writes,Explicit saved-reference choice silently restores old approval,demonstrated_issue,fixed,9,5,6,270,P0,"[{""path"":""api/tests/test_fmea_flow.py"",""line"":157,""symbol"":""test_saved_reference_rebinding_is_explicit_and_survives_reload"",""kind"":""guarded test""}]",Validate in the final guarded suite and keep the regression; deployment is pending.
PL-FMEA-054,data_integrity_partial_writes,Duplicate or cross-kind canon IDs satisfy set comparison while binding the wrong references,demonstrated_issue,fixed,9,5,6,270,P0,"[{""path"":""api/tests/test_fmea_flow.py"",""line"":173,""symbol"":""test_canon_plan_rejects_duplicate_ids_and_reference_kind_confusion"",""kind"":""guarded test""}]",Validate in the final guarded suite and keep the regression; deployment is pending.
PL-FMEA-055,observability_gaps,Current provider mapping differs from model confirmation shown to user,risk_scenario,passing,6,6,6,216,P0,"[{""path"":""api/tests/test_hosted_media_dispatch.py"",""line"":122,""symbol"":""test_planned_model_uses_actual_primary_mapping"",""kind"":""guarded test""}]","Retain this automated contract; a pass proves the exercised fixture boundary, not live provider behavior."
PL-FMEA-056,observability_gaps,Raw signed reference URLs leak into persisted parameters or logs,risk_scenario,passing,6,6,6,216,P0,"[{""path"":""api/tests/test_hosted_media_dispatch.py"",""line"":98,""symbol"":""test_pixelbin_params_and_logs_do_not_retain_signed_references"",""kind"":""guarded test""}]","Retain this automated contract; a pass proves the exercised fixture boundary, not live provider behavior."
PL-FMEA-057,observability_gaps,PixelBin rejection category disappears when the container restarts,risk_scenario,passing,6,6,6,216,P0,"[{""path"":""api/tests/test_portfolio.py"",""line"":162,""symbol"":""test_pixelbin_rejection_survives_in_owner_activity_without_sensitive_body"",""kind"":""guarded test""}]","Retain this automated contract; a pass proves the exercised fixture boundary, not live provider behavior."
PL-FMEA-058,observability_gaps,Provider rejection diagnostics include secret-bearing raw error messages,risk_scenario,passing,6,6,6,216,P0,"[{""path"":""api/tests/test_hosted_provider_adapters.py"",""line"":154,""symbol"":""test_http_rejection_persists_only_safe_protocol_metadata"",""kind"":""guarded test""}]","Retain this automated contract; a pass proves the exercised fixture boundary, not live provider behavior."
PL-FMEA-059,observability_gaps,Unwired visual detectors are reported as passing,risk_scenario,passing,6,6,6,216,P0,"[{""path"":""api/tests/test_marketing.py"",""line"":2451,""symbol"":""test_an_unwired_detector_reports_skip_and_never_pass"",""kind"":""guarded test""}]","Retain this automated contract; a pass proves the exercised fixture boundary, not live provider behavior."
PL-FMEA-060,observability_gaps,Options headline promises evidence when no sources exist,risk_scenario,passing,6,6,6,216,P0,"[{""path"":""api/tests/test_marketing.py"",""line"":4790,""symbol"":""test_options_headline_matches_actual_attached_sources"",""kind"":""guarded test""}]","Retain this automated contract; a pass proves the exercised fixture boundary, not live provider behavior."
PL-FMEA-061,observability_gaps,Render reports requested references instead of the subset actually sent,risk_scenario,passing,6,6,6,216,P0,"[{""path"":""api/tests/test_marketing.py"",""line"":3552,""symbol"":""test_a_render_sends_the_references_the_model_declares_and_names_the_rest"",""kind"":""guarded test""}]","Retain this automated contract; a pass proves the exercised fixture boundary, not live provider behavior."
PL-FMEA-062,observability_gaps,Shot validator claims it automatically split a clip without changing rows,demonstrated_issue,fixed,6,6,6,216,P0,"[{""path"":""api/tests/test_marketing.py"",""line"":2111,""symbol"":""test_b1_reports_two_action_beat_without_claiming_an_unperformed_split"",""kind"":""guarded test""}]",Validate in the final guarded suite and keep the regression; deployment is pending.
PL-FMEA-063,observability_gaps,Request progress text displays work from another thread,risk_scenario,passing,6,6,6,216,P0,"[{""path"":""api/tests/test_marketing.py"",""line"":1679,""symbol"":""test_progress_labels_follow_the_thread_that_is_running"",""kind"":""guarded test""}]","Retain this automated contract; a pass proves the exercised fixture boundary, not live provider behavior."
PL-FMEA-064,scale_and_load_failures,A sequential request exceeding the owner budget mutates usage before rejection,risk_scenario,passing,8,4,7,224,P0,"[{""path"":""api/tests/test_portfolio.py"",""line"":248,""symbol"":""test_pre_dispatch_caps_reject_without_mutating_usage"",""kind"":""guarded test""}]","Retain this automated contract; a pass proves the exercised fixture boundary, not live provider behavior."
PL-FMEA-065,scale_and_load_failures,A single provider HTTP 503 is not retained as uncertain usage,risk_scenario,passing,8,4,7,224,P0,"[{""path"":""api/tests/test_hosted_media_dispatch.py"",""line"":86,""symbol"":""test_5xx_remains_uncertain"",""kind"":""guarded test""}]","Retain this automated contract; a pass proves the exercised fixture boundary, not live provider behavior."
PL-FMEA-066,scale_and_load_failures,Compressed provider response expands beyond bounded parser memory,risk_scenario,passing,8,4,7,224,P0,"[{""path"":""api/tests/test_hosted_media_dispatch.py"",""line"":106,""symbol"":""test_provider_compression_rejected_before_decode_retains_uncertain"",""kind"":""guarded test""}]","Retain this automated contract; a pass proves the exercised fixture boundary, not live provider behavior."
PL-FMEA-067,scale_and_load_failures,Provider redirects exhaust background sockets,risk_scenario,checked,8,4,7,224,P0,"[{""path"":""api/app/safe_network.py"",""kind"":""static inspection""}]",Code path inspected; retain the stated control and add targeted runtime evidence when that risk is in scope.
PL-FMEA-068,scale_and_load_failures,More than 4000 active workspaces exhaust process memory,risk_scenario,checked,8,4,7,224,P0,"[{""path"":""api/app/campaign.py"",""kind"":""static inspection""}]",Code path inspected; retain the stated control and add targeted runtime evidence when that risk is in scope.
PL-FMEA-069,scale_and_load_failures,Many owners saturate real S3 or database throughput,risk_scenario,unverified,8,4,7,224,P0,"[{""path"":""api/app/database.py"",""kind"":""not executed at production scale/provider""}]",Run only after explicit approval with a bounded acceptance plan; no paid or load claim is made here.
PL-FMEA-070,scale_and_load_failures,Uploaded decompression-bomb image exhausts worker memory,risk_scenario,checked,8,4,7,224,P0,"[{""path"":""api/app/campaign.py"",""kind"":""static inspection""}]",Code path inspected; retain the stated control and add targeted runtime evidence when that risk is in scope.
PL-FMEA-071,scale_and_load_failures,Concurrent requests race quota preflight snapshot,risk_scenario,checked,8,4,7,224,P0,"[{""path"":""api/app/usage.py"",""kind"":""static inspection""}]",Code path inspected; retain the stated control and add targeted runtime evidence when that risk is in scope.
PL-FMEA-072,scale_and_load_failures,Long model tool chains exceed configured turn or overall time budget,risk_scenario,checked,8,4,7,224,P0,"[{""path"":""api/app/agents/providers.py"",""kind"":""static inspection""}]",Code path inspected; retain the stated control and add targeted runtime evidence when that risk is in scope.
PL-FMEA-073,billing_credit_mismatches,Unknown PixelBin dollar conversion is displayed as known zero-cost usage,risk_scenario,passing,9,5,6,270,P0,"[{""path"":""api/tests/test_portfolio.py"",""line"":120,""symbol"":""test_media_operation_limit_is_separate_from_unknown_usd"",""kind"":""guarded test""}]","Retain this automated contract; a pass proves the exercised fixture boundary, not live provider behavior."
PL-FMEA-074,billing_credit_mismatches,Known usage is lost when response is truncated,risk_scenario,passing,9,5,6,270,P0,"[{""path"":""api/tests/test_hosted_provider_adapters.py"",""line"":61,""symbol"":""test_usage_settled_before_incomplete_output"",""kind"":""guarded test""}]","Retain this automated contract; a pass proves the exercised fixture boundary, not live provider behavior."
PL-FMEA-075,billing_credit_mismatches,Known policy refusal usage is released instead of retained,risk_scenario,passing,9,5,6,270,P0,"[{""path"":""api/tests/test_hosted_provider_adapters.py"",""line"":132,""symbol"":""test_policy_refusal_settles_usage_and_stops"",""kind"":""guarded test""}]","Retain this automated contract; a pass proves the exercised fixture boundary, not live provider behavior."
PL-FMEA-076,billing_credit_mismatches,Explicit HTTP rejection is charged as an unknown accepted request,risk_scenario,passing,9,5,6,270,P0,"[{""path"":""api/tests/test_hosted_provider_adapters.py"",""line"":54,""symbol"":""test_rejection_zero_settlement_and_no_retry"",""kind"":""guarded test""}]","Retain this automated contract; a pass proves the exercised fixture boundary, not live provider behavior."
PL-FMEA-077,billing_credit_mismatches,Web-search usage is not counted or budgeted,risk_scenario,passing,9,5,6,270,P0,"[{""path"":""api/tests/test_hosted_provider_adapters.py"",""line"":95,""symbol"":""test_actual_searches_recorded_and_priced"",""kind"":""guarded test""}]","Retain this automated contract; a pass proves the exercised fixture boundary, not live provider behavior."
PL-FMEA-078,billing_credit_mismatches,Model-confirm price is an unsupported user-supplied number,risk_scenario,passing,9,5,6,270,P0,"[{""path"":""api/tests/test_marketing.py"",""line"":2175,""symbol"":""test_the_board_never_invents_a_model_id_or_a_price"",""kind"":""guarded test""}]","Retain this automated contract; a pass proves the exercised fixture boundary, not live provider behavior."
PL-FMEA-079,billing_credit_mismatches,Creative variants charge reused body scenes again,risk_scenario,passing,9,5,6,270,P0,"[{""path"":""api/tests/test_marketing.py"",""line"":2877,""symbol"":""test_the_variant_matrix_shows_what_was_reused_not_re_rendered"",""kind"":""guarded test""}]","Retain this automated contract; a pass proves the exercised fixture boundary, not live provider behavior."
PL-FMEA-080,billing_credit_mismatches,Shared lifetime media pool is exhausted even when an owner has room,risk_scenario,checked,9,5,6,270,P0,"[{""path"":""api/app/usage.py"",""kind"":""static inspection""}]",Code path inspected; retain the stated control and add targeted runtime evidence when that risk is in scope.
PL-FMEA-081,billing_credit_mismatches,Production billing total differs from proxy-fixture counts or estimates,risk_scenario,unverified,9,5,6,270,P0,"[{""path"":""api/app/usage.py"",""kind"":""not executed at production scale/provider""}]",Run only after explicit approval with a bounded acceptance plan; no paid or load claim is made here.
PL-FMEA-082,retry_idempotency_issues,Unknown network completion is automatically submitted again,risk_scenario,passing,9,5,6,270,P0,"[{""path"":""api/tests/test_marketing.py"",""line"":1704,""symbol"":""test_a_dropped_connection_preserves_log_without_duplicate_paid_dispatch"",""kind"":""guarded test""}]","Retain this automated contract; a pass proves the exercised fixture boundary, not live provider behavior."
PL-FMEA-083,retry_idempotency_issues,Known API status rejection is treated as a retriable transport blip,risk_scenario,passing,9,5,6,270,P0,"[{""path"":""api/tests/test_marketing.py"",""line"":1722,""symbol"":""test_an_api_status_error_is_not_retried_as_a_blip"",""kind"":""guarded test""}]","Retain this automated contract; a pass proves the exercised fixture boundary, not live provider behavior."
PL-FMEA-084,retry_idempotency_issues,Paid rumination stage is repeated after a later stage failure,risk_scenario,passing,9,5,6,270,P0,"[{""path"":""api/tests/test_marketing.py"",""line"":2502,""symbol"":""test_a_completed_stage_is_never_paid_for_twice"",""kind"":""guarded test""}]","Retain this automated contract; a pass proves the exercised fixture boundary, not live provider behavior."
PL-FMEA-085,retry_idempotency_issues,Explicit failure recovery disappears after workspace restart,risk_scenario,passing,9,5,6,270,P0,"[{""path"":""api/tests/test_portfolio.py"",""line"":328,""symbol"":""test_cached_failed_job_recovers_explicitly_after_workspace_restart"",""kind"":""guarded test""}]","Retain this automated contract; a pass proves the exercised fixture boundary, not live provider behavior."
PL-FMEA-086,retry_idempotency_issues,Second refinement silently repeats the same bounded paid council pass,risk_scenario,passing,9,5,6,270,P0,"[{""path"":""api/tests/test_marketing.py"",""line"":1142,""symbol"":""test_refine_cannot_run_twice_even_if_options_stay_flagged"",""kind"":""guarded test""}]","Retain this automated contract; a pass proves the exercised fixture boundary, not live provider behavior."
PL-FMEA-087,retry_idempotency_issues,Repair retry repeats the same unsuccessful variable change,risk_scenario,passing,9,5,6,270,P0,"[{""path"":""api/tests/test_marketing.py"",""line"":2859,""symbol"":""test_two_retries_cannot_change_the_same_variable"",""kind"":""guarded test""}]","Retain this automated contract; a pass proves the exercised fixture boundary, not live provider behavior."
PL-FMEA-088,retry_idempotency_issues,SDK tool continuation serializes unsupported response aliases,risk_scenario,passing,9,5,6,270,P0,"[{""path"":""api/tests/test_hosted_provider_adapters.py"",""line"":79,""symbol"":""test_function_roundtrip_uses_same_graph_tools"",""kind"":""guarded test""}]","Retain this automated contract; a pass proves the exercised fixture boundary, not live provider behavior."
PL-FMEA-089,retry_idempotency_issues,A missing checkpoint reuses a legacy anchor from a different configured model,risk_scenario,checked,9,5,6,270,P0,"[{""path"":""api/app/campaign.py"",""kind"":""static inspection""}]",Code path inspected; retain the stated control and add targeted runtime evidence when that risk is in scope.
PL-FMEA-090,retry_idempotency_issues,Process dies after provider success but before local asset checkpoint commit,risk_scenario,unverified,9,5,6,270,P0,"[{""path"":""api/app/campaign.py"",""kind"":""not executed at production scale/provider""}]",Run only after explicit approval with a bounded acceptance plan; no paid or load claim is made here.
PL-FMEA-091,config_feature_flag_drift,Local preview flag permits canonical provider credentials or public origin,risk_scenario,passing,8,4,5,160,P1,"[{""path"":""api/tests/test_portfolio.py"",""line"":239,""symbol"":""test_loopback_preview_never_accepts_public_or_live_configuration"",""kind"":""guarded test""}]","Retain this automated contract; a pass proves the exercised fixture boundary, not live provider behavior."
PL-FMEA-092,config_feature_flag_drift,Real mode silently uses fixture fallback when credentials are absent,risk_scenario,passing,8,4,5,160,P1,"[{""path"":""api/tests/test_marketing.py"",""line"":1084,""symbol"":""test_real_mode_without_a_key_is_refused_up_front_not_discovered_mid_run"",""kind"":""guarded test""}]","Retain this automated contract; a pass proves the exercised fixture boundary, not live provider behavior."
PL-FMEA-093,config_feature_flag_drift,Cached execution reaches a live SDK despite fixture provenance,risk_scenario,passing,8,4,5,160,P1,"[{""path"":""api/tests/test_hosted_provider_adapters.py"",""line"":72,""symbol"":""test_cached_scope_blocks_live_sdk"",""kind"":""guarded test""}]","Retain this automated contract; a pass proves the exercised fixture boundary, not live provider behavior."
PL-FMEA-094,config_feature_flag_drift,Review policy skips paid approval gates,risk_scenario,passing,8,4,5,160,P1,"[{""path"":""api/tests/test_marketing.py"",""line"":1764,""symbol"":""test_a_cost_gate_cannot_be_configured_away"",""kind"":""guarded test""}]","Retain this automated contract; a pass proves the exercised fixture boundary, not live provider behavior."
PL-FMEA-095,config_feature_flag_drift,Review policy skips mandatory keyframe or QC checks,risk_scenario,passing,8,4,5,160,P1,"[{""path"":""api/tests/test_marketing.py"",""line"":1776,""symbol"":""test_qc_and_keyframes_can_never_be_skipped"",""kind"":""guarded test""}]","Retain this automated contract; a pass proves the exercised fixture boundary, not live provider behavior."
PL-FMEA-096,config_feature_flag_drift,Provider model configuration omits reference capability limits,risk_scenario,passing,8,4,5,160,P1,"[{""path"":""api/tests/test_marketing.py"",""line"":3659,""symbol"":""test_every_model_route_declares_a_reference_budget"",""kind"":""guarded test""}]","Retain this automated contract; a pass proves the exercised fixture boundary, not live provider behavior."
PL-FMEA-097,config_feature_flag_drift,New language-model stage lacks a configured model slot,risk_scenario,passing,8,4,5,160,P1,"[{""path"":""api/tests/test_marketing.py"",""line"":3253,""symbol"":""test_every_llm_stage_has_a_model_slot"",""kind"":""guarded test""}]","Retain this automated contract; a pass proves the exercised fixture boundary, not live provider behavior."
PL-FMEA-098,config_feature_flag_drift,Database URL ssl=no-verify overrides Node explicit CA configuration,risk_scenario,passing,8,4,5,160,P1,"[{""path"":""web/tests/database-tls.test.mjs"",""kind"":""installed-pg offline initialization regression""}]","Retain this automated contract; a pass proves the exercised fixture boundary, not live provider behavior."
PL-FMEA-099,config_feature_flag_drift,Review metadata still describes local SQLite and no auth or billing,demonstrated_issue,fixed,8,4,5,160,P1,"[{""path"":""api/.power-coding/config.json"",""kind"":""static inspection""}]",Validate in the final guarded suite and keep the regression; deployment is pending.
PL-FMEA-100,edge_cases_from_prd,Single still with a person is rejected by video screen-time rules,demonstrated_issue,fixed,7,5,5,175,P1,"[{""path"":""api/tests/test_fmea_flow.py"",""line"":23,""symbol"":""test_single_still_with_person_does_not_require_video_screen_time"",""kind"":""guarded test""}]",Validate in the final guarded suite and keep the regression; deployment is pending.
PL-FMEA-101,edge_cases_from_prd,A user-requested two-image carousel is silently collapsed,risk_scenario,passing,7,5,5,175,P1,"[{""path"":""api/tests/test_session_prompt_proxy.py"",""line"":70,""symbol"":""test_session_board_actual_runner_preserves_requested_still_count"",""kind"":""guarded test""}]","Retain this automated contract; a pass proves the exercised fixture boundary, not live provider behavior."
PL-FMEA-102,edge_cases_from_prd,Photo and one-line prompt trigger invented business defaults after Retry,risk_scenario,passing,7,5,5,175,P1,"[{""path"":""api/tests/test_marketing.py"",""line"":4741,""symbol"":""test_photo_retry_never_delegates_missing_campaign_choices"",""kind"":""guarded test""}]","Retain this automated contract; a pass proves the exercised fixture boundary, not live provider behavior."
PL-FMEA-103,edge_cases_from_prd,Fragmented intake forces form fields instead of asking in chat,risk_scenario,passing,7,5,5,175,P1,"[{""path"":""api/tests/test_session_prompt_proxy.py"",""line"":21,""symbol"":""test_session_intake_single_person_product_full_driver_to_delivery"",""kind"":""guarded test""}]","Retain this automated contract; a pass proves the exercised fixture boundary, not live provider behavior."
PL-FMEA-104,edge_cases_from_prd,Brand-name correction changes unrelated supplied facts or paid history,risk_scenario,passing,7,5,5,175,P1,"[{""path"":""api/tests/test_marketing.py"",""line"":4499,""symbol"":""test_brand_revision_preserves_paid_history_and_invalidates_old_approvals"",""kind"":""guarded test""}]","Retain this automated contract; a pass proves the exercised fixture boundary, not live provider behavior."
PL-FMEA-105,edge_cases_from_prd,Real identifiable person renders before rights verification,demonstrated_issue,fixed,7,5,5,175,P1,"[{""path"":""api/tests/test_fmea_flow.py"",""line"":49,""symbol"":""test_canon_unverified_person_is_refused_before_any_render"",""kind"":""guarded test""}]",Validate in the final guarded suite and keep the regression; deployment is pending.
PL-FMEA-106,edge_cases_from_prd,A confirmed claim is replaced by a model-invented performance benefit,risk_scenario,passing,7,5,5,175,P1,"[{""path"":""api/tests/test_marketing.py"",""line"":380,""symbol"":""test_unmapped_claim_never_reaches_the_campaign_detail"",""kind"":""guarded test""}]","Retain this automated contract; a pass proves the exercised fixture boundary, not live provider behavior."
PL-FMEA-107,edge_cases_from_prd,Direct deliver action bypasses blocking QC findings,risk_scenario,passing,7,5,5,175,P1,"[{""path"":""api/tests/test_marketing.py"",""line"":2766,""symbol"":""test_qc_delivery_cannot_be_bypassed_by_text_direct_event_or_recovery"",""kind"":""guarded test""}]","Retain this automated contract; a pass proves the exercised fixture boundary, not live provider behavior."
PL-FMEA-108,edge_cases_from_prd,Paid visual output fails to preserve product markings or removes requested objects,risk_scenario,unverified,7,5,5,175,P1,"[{""path"":""api/app/campaign.py"",""kind"":""not executed at production scale/provider""}]",Run only after explicit approval with a bounded acceptance plan; no paid or load claim is made here.
PL-FMEA-109,resource_exhaustion,Shared AWS Docker build volume fills up and prevents a release image from being created,demonstrated_issue,mitigated,6,6,4,144,P1,"[{""path"":""docs/qa/2026-10-02/release-build-storage.json"",""kind"":""observed remote build failure and targeted cleanup receipts""}]",Targeted removal of stopped failed builders and unreferenced untagged build images restored over 4 GB available while retaining running containers and production rollback images. Check build space before future builds; scheduled cleanup is not implemented.
PL-FMEA-110,data_integrity_partial_writes,Still keyframe uses brief first ratio while delivery uses another placement and relabels saved pixels,demonstrated_issue,fixed,8,6,7,336,P0,"[{""path"":""api/tests/test_ratio_output.py"",""line"":29,""symbol"":""test_still_keyframe_uses_delivery_ratio_and_same_png_is_reused"",""kind"":""guarded actual-driver PNG or SVG contract""}]","Retain the regression, deploy the correction after root review, and verify any new paid image separately; proxy pixels are not provider validation."
PL-FMEA-111,billing_credit_mismatches,Multiple placement ratios or stale-frame fallback require extra image calls omitted from remaining capacity,demonstrated_issue,fixed,8,5,6,240,P0,"[{""path"":""api/tests/test_ratio_output.py"",""line"":63,""symbol"":""test_multi_placement_still_counts_and_renders_each_distinct_ratio_once"",""kind"":""guarded actual-driver PNG or SVG contract""}]","Retain the regression, deploy the correction after root review, and verify any new paid image separately; proxy pixels are not provider validation."
PL-FMEA-112,data_integrity_partial_writes,"Wrong or undecodable pixels with correct ratio metadata pass approval, reuse and delivery QC",demonstrated_issue,fixed,8,5,8,320,P0,"[{""path"":""api/tests/test_ratio_output.py"",""line"":81,""symbol"":""test_wrong_pixels_with_correct_metadata_never_pass_reuse_approval_or_qc"",""kind"":""guarded actual-driver PNG or SVG contract""}]","Retain the regression, deploy the correction after root review, and verify any new paid image separately; proxy pixels are not provider validation."
PL-FMEA-113,config_feature_flag_drift,Mock image defaults to portrait dimensions for a declared 4:5 output and conceals ratio defects,demonstrated_issue,fixed,5,6,6,180,P1,"[{""path"":""api/tests/test_ratio_output.py"",""line"":76,""symbol"":""test_mock_feed_image_has_declared_four_by_five_dimensions"",""kind"":""guarded actual-driver PNG or SVG contract""}]","Retain the regression, deploy the correction after root review, and verify any new paid image separately; proxy pixels are not provider validation."
PL-FMEA-114,edge_cases_from_prd,"A 701px tablet retains split panes, cramping the conversation composer and sign-out controls",demonstrated_issue,fixed,5,7,3,105,P1,"[{""path"":""docs/qa/2026-10-02/browser-qa.json"",""kind"":""root browser tablet_followup dimensions at701px""},{""path"":""docs/qa/2026-10-02/screenshots/plotline-tablet-before.png"",""kind"":""observed cramped tablet layout""},{""path"":""docs/qa/2026-10-02/screenshots/plotline-tablet-after.png"",""kind"":""stacked layout without document overflow""}]",Retain the960px stacking boundary and nonwrapping sign-out control; final web deployment is root-owned.
PL-FMEA-115,retry_idempotency_issues,A failed-job recovery banner hides newer saved-reference or smaller-plan choices and leaves only generic Retry,demonstrated_issue,fixed,7,6,6,252,P0,"[{""path"":""api/tests/test_fmea_flow.py"",""line"":277,""symbol"":""test_failed_job_recovery_coexists_with_current_saved_reference_question"",""kind"":""actual stored failed job and GET response; explicit saved-reference action and restart""},{""path"":""web/app/studio/thread/[threadId]/page.tsx"",""kind"":""current non-Retry action choices take precedence over the generic recovery banner""},{""path"":""docs/qa/2026-10-02/recovery-priority.json"",""kind"":""isolated synthetic failed-job fixture and root browser acceptance""}]",Show current non-Retry recovery choices while retaining the failed job and historical usage; keep the generic Retry banner for legacy Retry-only or free-text asks. No provider dispatch is needed to review saved references.
